order_time,total_sales
2020-01-01,3361.28
2020-01-02,2350.86
2020-01-03,2163.81
2020-01-04,2792.75
2020-01-05,2024.13
2020-01-06,2566.29
2020-01-07,3155.43
2020-01-08,3043.45
2020-01-09,1713.96
2020-01-10,2151.94
2020-01-11,1140.02
2020-01-12,1715.15
2020-01-13,1822.05
2020-01-14,800.8100000000001
2020-01-15,1648.15
2020-01-16,3029.2
2020-01-17,2894.66
2020-01-18,3492.7
2020-01-19,2070.5
2020-01-20,1603.16
2020-01-21,2283.18
2020-01-22,512.59
2020-01-23,2050.61
2020-01-24,1348.22
2020-01-25,3684.67
2020-01-26,1276.34
2020-01-27,2809.9
2020-01-28,2208.41
2020-01-29,2568.03
2020-01-30,2021.45
2020-01-31,1295.18
2020-02-01,3989.31
2020-02-02,1591.24
2020-02-03,2614.82
2020-02-04,2174.69
2020-02-05,1786.81
2020-02-06,3547.18
2020-02-07,1713.9199999999998
2020-02-08,1323.13
2020-02-09,2049.16
2020-02-10,1456.12
2020-02-11,1355.04
2020-02-12,1966.78
2020-02-13,1822.72
2020-02-14,1758.5
2020-02-15,2444.8
2020-02-16,1629.99
2020-02-17,1749.7199999999998
2020-02-18,1917.07
2020-02-19,1000.0300000000001
2020-02-20,4580.59
2020-02-21,2589.63
2020-02-22,1728.52
2020-02-23,3803.15
2020-02-24,1765.17
2020-02-25,509.73
2020-02-26,1967.93
2020-02-27,2153.11
2020-02-28,1458.98
2020-02-29,2710.98
2020-03-01,1313.3
2020-03-02,1184.55
2020-03-03,1688.72
2020-03-04,2067.92
2020-03-05,1775.05
2020-03-06,1102.4
2020-03-07,2705.23
2020-03-08,3945.29
2020-03-09,1521.93
2020-03-10,2183.92
2020-03-11,1433.0
2020-03-12,2314.85
2020-03-13,1082.81
2020-03-14,2468.93
2020-03-15,1405.44
2020-03-16,2632.79
2020-03-17,2024.5
2020-03-18,2021.08
2020-03-19,1811.31
2020-03-20,1461.27
2020-03-21,2683.86
2020-03-22,1645.19
2020-03-23,3214.75
2020-03-24,1783.71
2020-03-25,1828.44
2020-03-26,2057.04
2020-03-27,2764.29
2020-03-28,1503.61
2020-03-29,2692.08
2020-03-30,2130.0
2020-03-31,2042.6000000000001
2020-04-01,2397.74
2020-04-02,2389.2
2020-04-03,1446.83
2020-04-04,2079.97
2020-04-05,2563.34
2020-04-06,3440.13
2020-04-07,2535.86
2020-04-08,2247.56
2020-04-09,3391.13
2020-04-10,1838.06
2020-04-11,2919.08
2020-04-12,2105.4300000000003
2020-04-13,2021.03
2020-04-14,2093.37
2020-04-15,1729.09
2020-04-16,1433.1599999999999
2020-04-17,2503.61
2020-04-18,1795.84
2020-04-19,2966.04
2020-04-20,1562.03
2020-04-21,2065.33
2020-04-22,1854.05
2020-04-23,1614.85
2020-04-24,1288.6799999999998
2020-04-25,2858.57
2020-04-26,2940.1200000000003
2020-04-27,1924.7
2020-04-28,2445.09
2020-04-29,1833.0
2020-04-30,745.35
2020-05-01,1709.78
2020-05-02,1903.52
2020-05-03,1628.11
2020-05-04,1981.02
2020-05-05,2092.04
2020-05-06,2296.24
2020-05-07,1875.45
2020-05-08,1199.25
2020-05-09,3771.8399999999997
2020-05-10,1012.5600000000001
2020-05-11,3508.4100000000003
2020-05-12,1405.94
2020-05-13,2758.13
2020-05-14,2306.21
2020-05-15,1654.99
2020-05-16,706.63
2020-05-17,2346.67
2020-05-18,1833.21
2020-05-19,1549.35
2020-05-20,1197.3
2020-05-21,1479.54
2020-05-22,1996.92
2020-05-23,2093.3
2020-05-24,2274.58
2020-05-25,1047.05
2020-05-26,1541.78
2020-05-27,2651.86
2020-05-28,1457.14
2020-05-29,2360.7599999999998
2020-05-30,1355.68
2020-05-31,2960.84
2020-06-01,2636.84
2020-06-02,2106.35
2020-06-03,1466.3
2020-06-04,1845.57
2020-06-05,2788.9900000000002
2020-06-06,5195.95
2020-06-07,2075.35
2020-06-08,1470.9199999999998
2020-06-09,3011.09
2020-06-10,1256.16
2020-06-11,752.95
2020-06-12,2619.21
2020-06-13,1519.9
2020-06-14,1222.07
2020-06-15,1581.7600000000002
2020-06-16,2158.57
2020-06-17,3227.9700000000003
2020-06-18,1266.33
2020-06-19,1300.63
2020-06-20,1635.1100000000001
2020-06-21,4239.04
2020-06-22,2616.62
2020-06-23,1868.1
2020-06-24,1769.06
2020-06-25,912.0600000000001
2020-06-26,2531.36
2020-06-27,2385.72
2020-06-28,2348.16
2020-06-29,2842.7200000000003
2020-06-30,1850.19
2020-07-01,970.3
2020-07-02,1001.31
2020-07-03,1159.8899999999999
2020-07-04,2110.7599999999998
2020-07-05,1134.66
2020-07-06,2075.38
2020-07-07,739.8299999999999
2020-07-08,2016.1100000000001
2020-07-09,2082.67
2020-07-10,3022.99
2020-07-11,1443.44
2020-07-12,905.71
2020-07-13,1122.89
2020-07-14,1882.0800000000002
2020-07-15,1433.75
2020-07-16,1558.22
2020-07-17,2187.88
2020-07-18,3059.3399999999997
2020-07-19,1109.24
2020-07-20,958.03
2020-07-21,2361.33
2020-07-22,3440.79
2020-07-23,1161.87
2020-07-24,2077.49
2020-07-25,1866.78
2020-07-26,1970.19
2020-07-27,774.96
2020-07-28,2724.37
2020-07-29,1224.51
2020-07-30,888.34
2020-07-31,3335.99
2020-08-01,3594.64
2020-08-02,2460.75
2020-08-03,4145.3
2020-08-04,2499.37
2020-08-05,2826.45
2020-08-06,2371.21
2020-08-07,1489.57
2020-08-08,2110.07
2020-08-09,1816.18
2020-08-10,767.13
2020-08-11,1526.77
2020-08-12,2706.58
2020-08-13,1511.24
2020-08-14,1243.24
2020-08-15,2022.98
2020-08-16,1316.49
2020-08-17,1122.81
2020-08-18,996.83
2020-08-19,1737.17
2020-08-20,2033.19
2020-08-21,1094.41
2020-08-22,1698.2
2020-08-23,1562.22
2020-08-24,962.35
2020-08-25,1012.74
2020-08-26,1947.6200000000001
2020-08-27,2178.13
2020-08-28,1052.88
2020-08-29,2238.28
2020-08-30,4207.67
2020-08-31,1998.0
2020-09-01,1919.33
2020-09-02,2275.19
2020-09-03,1434.1399999999999
2020-09-04,3720.38
2020-09-05,1736.58
2020-09-06,1653.81
2020-09-07,2897.82
2020-09-08,1629.2
2020-09-09,2607.55
2020-09-10,2094.19
2020-09-11,3322.69
2020-09-12,1607.3700000000001
2020-09-13,2067.61
2020-09-14,1598.11
2020-09-15,3198.58
2020-09-16,1497.61
2020-09-17,1647.66
2020-09-18,3120.27
2020-09-19,3084.97
2020-09-20,1468.94
2020-09-21,2469.59
2020-09-22,1768.49
2020-09-23,601.62
2020-09-24,1700.98
2020-09-25,1436.35
2020-09-26,1345.4199999999998
2020-09-27,2506.04
2020-09-28,2351.0299999999997
2020-09-29,1796.56
2020-09-30,3280.25
2020-10-01,2343.07
2020-10-02,2902.5
2020-10-03,2291.5299999999997
2020-10-04,2226.08
2020-10-05,2524.56
2020-10-06,2322.08
2020-10-07,3652.71
2020-10-08,2043.21
2020-10-09,2525.32
2020-10-10,907.0600000000001
2020-10-11,2755.31
2020-10-12,2411.4700000000003
2020-10-13,1765.84
2020-10-14,1646.27
2020-10-15,1087.54
2020-10-16,2857.72
2020-10-17,1574.44
2020-10-18,1967.1
2020-10-19,1589.84
2020-10-20,2427.13
2020-10-21,1113.12
2020-10-22,4119.83
2020-10-23,2459.48
2020-10-24,1132.52
2020-10-25,2236.88
2020-10-26,1879.28
2020-10-27,3196.13
2020-10-28,1592.72
2020-10-29,2848.91
2020-10-30,2211.26
2020-10-31,1705.44
2020-11-01,2657.86
2020-11-02,2655.6499999999996
2020-11-03,1453.74
2020-11-04,2955.47
2020-11-05,1903.61
2020-11-06,1762.8899999999999
2020-11-07,2887.28
2020-11-08,2470.88
2020-11-09,1061.06
2020-11-10,1317.3600000000001
2020-11-11,901.04
2020-11-12,1666.3
2020-11-13,4537.61
2020-11-14,1427.25
2020-11-15,2237.55
2020-11-16,1900.31
2020-11-17,2629.48
2020-11-18,935.82
2020-11-19,1511.92
2020-11-20,2296.56
2020-11-21,1499.64
2020-11-22,1815.8300000000002
2020-11-23,2069.88
2020-11-24,1428.3899999999999
2020-11-25,2476.21
2020-11-26,2089.6
2020-11-27,1712.57
2020-11-28,1678.93
2020-11-29,1342.74
2020-11-30,1031.8700000000001
2020-12-01,2404.69
2020-12-02,2795.68
2020-12-03,1293.31
2020-12-04,3147.95
2020-12-05,3288.8599999999997
2020-12-06,2665.95
2020-12-07,1312.1399999999999
2020-12-08,1244.53
2020-12-09,2687.21
2020-12-10,713.8100000000001
2020-12-11,1878.72
2020-12-12,1613.3
2020-12-13,1539.64
2020-12-14,2152.38
2020-12-15,1218.19
2020-12-16,1573.7
2020-12-17,3315.18
2020-12-18,1369.68
2020-12-19,3609.38
2020-12-20,1938.73
2020-12-21,1930.48
2020-12-22,1140.02
2020-12-23,1893.98
2020-12-24,3034.31
2020-12-25,2268.09
2020-12-26,2358.19
2020-12-27,2577.39
2020-12-28,1916.93
2020-12-29,1634.47
2020-12-30,2549.57
2020-12-31,769.81
2021-01-01,2487.33
2021-01-02,1750.74
2021-01-03,2310.0899999999997
2021-01-04,3890.94
2021-01-05,1686.66
2021-01-06,1241.06
2021-01-07,2767.44
2021-01-08,4153.639999999999
2021-01-09,2561.02
2021-01-10,2445.61
2021-01-11,2751.6400000000003
2021-01-12,1454.9
2021-01-13,3160.38
2021-01-14,2478.16
2021-01-15,2382.54
2021-01-16,1133.1
2021-01-17,1037.57
2021-01-18,1560.48
2021-01-19,2525.93
2021-01-20,2110.91
2021-01-21,2072.94
2021-01-22,1351.31
2021-01-23,1419.31
2021-01-24,1342.39
2021-01-25,1866.52
2021-01-26,3744.8
2021-01-27,1381.74
2021-01-28,2116.64
2021-01-29,2928.68
2021-01-30,3353.77
2021-01-31,1943.44
2021-02-01,1374.99
2021-02-02,2461.9900000000002
2021-02-03,2207.67
2021-02-04,1106.85
2021-02-05,2184.67
2021-02-06,3600.84
2021-02-07,2345.54
2021-02-08,2137.8
2021-02-09,1529.35
2021-02-10,1369.65
2021-02-11,2753.41
2021-02-12,3140.65
2021-02-13,2780.94
2021-02-14,3541.98
2021-02-15,1228.22
2021-02-16,2285.32
2021-02-17,2215.96
2021-02-18,1936.95
2021-02-19,2168.08
2021-02-20,1954.55
2021-02-21,1413.25
2021-02-22,2251.42
2021-02-23,2709.15
2021-02-24,3245.7
2021-02-25,1268.32
2021-02-26,1451.91
2021-02-27,1956.39
2021-02-28,1144.1
2021-03-01,3242.38
2021-03-02,1511.29
2021-03-03,1280.1
2021-03-04,1293.21
2021-03-05,774.22
2021-03-06,2014.6
2021-03-07,2094.9700000000003
2021-03-08,2215.06
2021-03-09,2531.2799999999997
2021-03-10,2047.76
2021-03-11,2698.5
2021-03-12,1684.55
2021-03-13,1775.43
2021-03-14,2487.17
2021-03-15,1825.1
2021-03-16,2003.04
2021-03-17,2889.36
2021-03-18,2578.98
2021-03-19,1353.42
2021-03-20,2302.44
2021-03-21,2302.15
2021-03-22,2399.2
2021-03-23,4693.48
2021-03-24,1236.41
2021-03-25,3952.16
2021-03-26,1505.1100000000001
2021-03-27,2233.23
2021-03-28,3403.5499999999997
2021-03-29,1348.51
2021-03-30,1228.17
2021-03-31,2861.06
2021-04-01,3271.2400000000002
2021-04-02,1570.19
2021-04-03,2646.52
2021-04-04,1729.54
2021-04-05,2937.65
2021-04-06,1261.83
2021-04-07,1142.05
2021-04-08,1627.58
2021-04-09,1117.99
2021-04-10,1543.93
2021-04-11,1444.48
2021-04-12,2050.43
2021-04-13,2280.32
2021-04-14,3041.9
2021-04-15,2517.15
2021-04-16,2436.91
2021-04-17,2148.96
2021-04-18,2856.57
2021-04-19,2186.26
2021-04-20,1573.12
2021-04-21,2137.39
2021-04-22,1614.59
2021-04-23,2436.91
2021-04-24,2112.86
2021-04-25,2157.9700000000003
2021-04-26,4028.31
2021-04-27,2701.11
2021-04-28,2690.25
2021-04-29,1332.49
2021-04-30,2017.27
2021-05-01,2166.7
2021-05-02,1654.44
2021-05-03,2293.11
2021-05-04,4028.79
2021-05-05,2772.25
2021-05-06,1130.51
2021-05-07,1111.43
2021-05-08,1778.35
2021-05-09,1201.24
2021-05-10,2203.17
2021-05-11,860.89
2021-05-12,2808.7400000000002
2021-05-13,2062.62
2021-05-14,2334.99
2021-05-15,1672.17
2021-05-16,1372.1100000000001
2021-05-17,1754.9
2021-05-18,2100.44
2021-05-19,1205.99
2021-05-20,1963.39
2021-05-21,2700.81
2021-05-22,1322.1
2021-05-23,2256.31
2021-05-24,2119.45
2021-05-25,1792.95
2021-05-26,1485.32
2021-05-27,2334.33
2021-05-28,4075.92
2021-05-29,2259.2599999999998
2021-05-30,1212.8700000000001
2021-05-31,2714.5299999999997
2021-06-01,1338.34
2021-06-02,2126.89
2021-06-03,3124.92
2021-06-04,2370.08
2021-06-05,1995.92
2021-06-06,1637.06
2021-06-07,1744.02
2021-06-08,1715.1000000000001
2021-06-09,3672.8199999999997
2021-06-10,543.0
2021-06-11,1904.09
2021-06-12,1951.83
2021-06-13,2123.58
2021-06-14,2960.35
2021-06-15,2114.46
2021-06-16,2000.3799999999999
2021-06-17,2047.7
2021-06-18,1056.08
2021-06-19,2604.13
2021-06-20,1003.37
2021-06-21,2894.21
2021-06-22,1218.01
2021-06-23,1266.55
2021-06-24,2044.8
2021-06-25,2960.71
2021-06-26,2796.29
2021-06-27,3346.03
2021-06-28,2883.41
2021-06-29,3119.74
2021-06-30,1832.33
2021-07-01,1954.61
2021-07-02,2267.9300000000003
2021-07-03,2031.64
2021-07-04,2746.08
2021-07-05,2674.12
2021-07-06,3270.56
2021-07-07,2645.59
2021-07-08,4282.349999999999
2021-07-09,2752.95
2021-07-10,3341.29
2021-07-11,1383.82
2021-07-12,2499.12
2021-07-13,1167.62
2021-07-14,1151.39
2021-07-15,1404.48
2021-07-16,2342.5
2021-07-17,3322.65
2021-07-18,2567.0
2021-07-19,1865.36
2021-07-20,1477.67
2021-07-21,1697.21
2021-07-22,4986.78
2021-07-23,2470.2999999999997
2021-07-24,3573.38
2021-07-25,2093.84
2021-07-26,1991.02
2021-07-27,1158.81
2021-07-28,3099.42
2021-07-29,2183.14
2021-07-30,4068.64
2021-07-31,2003.1200000000001
2021-08-01,2255.51
2021-08-02,1718.24
2021-08-03,2148.76
2021-08-04,2113.63
2021-08-05,3626.05
2021-08-06,1491.64
2021-08-07,1803.31
2021-08-08,2587.33
2021-08-09,1527.59
2021-08-10,2586.82
2021-08-11,2505.96
2021-08-12,1279.34
2021-08-13,2687.9700000000003
2021-08-14,858.98
2021-08-15,1752.8
2021-08-16,2140.13
2021-08-17,1478.72
2021-08-18,1619.31
2021-08-19,2348.61
2021-08-20,2106.83
2021-08-21,1348.4099999999999
2021-08-22,1922.49
2021-08-23,4674.29
2021-08-24,2802.93
2021-08-25,1245.38
2021-08-26,1442.86
2021-08-27,2139.65
2021-08-28,1602.98
2021-08-29,650.67
2021-08-30,1871.57
2021-08-31,1670.9399999999998
2021-09-01,1982.24
2021-09-02,2486.84
2021-09-03,1376.73
2021-09-04,2399.96
2021-09-05,1681.9299999999998
2021-09-06,1735.75
2021-09-07,1666.9099999999999
2021-09-08,1414.8300000000002
2021-09-09,2462.7
2021-09-10,2238.7799999999997
2021-09-11,2170.7
2021-09-12,1479.35
2021-09-13,1392.5
2021-09-14,2850.95
2021-09-15,2074.18
2021-09-16,766.4200000000001
2021-09-17,3416.75
2021-09-18,2433.81
2021-09-19,1650.05
2021-09-20,1931.69
2021-09-21,2022.39
2021-09-22,2370.4700000000003
2021-09-23,2428.83
2021-09-24,732.4
2021-09-25,2214.1
2021-09-26,2468.99
2021-09-27,1648.97
2021-09-28,1426.52
2021-09-29,2444.44
2021-09-30,2152.55
2021-10-01,2090.36
2021-10-02,2678.17
2021-10-03,2752.42
2021-10-04,2624.58
2021-10-05,1403.99
2021-10-06,2517.0699999999997
2021-10-07,1658.4
2021-10-08,1971.48
2021-10-09,2351.95
2021-10-10,3312.94
2021-10-11,2719.78
2021-10-12,1049.65
2021-10-13,1320.62
2021-10-14,3369.17
2021-10-15,1626.07
2021-10-16,2147.88
2021-10-17,1476.5
2021-10-18,914.1800000000001
2021-10-19,2358.0299999999997
2021-10-20,2441.75
2021-10-21,3249.2599999999998
2021-10-22,2441.28
2021-10-23,1763.39
2021-10-24,1829.31
2021-10-25,1937.0
2021-10-26,2161.51
2021-10-27,1172.26
2021-10-28,2609.06
2021-10-29,2459.51
2021-10-30,1633.39
2021-10-31,1941.1399999999999
2021-11-01,2134.18
2021-11-02,2545.08
2021-11-03,435.03999999999996
2021-11-04,2377.02
2021-11-05,1279.7
2021-11-06,2174.34
2021-11-07,2246.89
2021-11-08,1768.3500000000001
2021-11-09,1977.07
2021-11-10,1885.17
2021-11-11,1726.3899999999999
2021-11-12,3972.79
2021-11-13,2118.09
2021-11-14,2346.64
2021-11-15,3054.46
2021-11-16,2366.4900000000002
2021-11-17,1650.47
2021-11-18,1699.29
2021-11-19,1952.5900000000001
2021-11-20,1500.18
2021-11-21,2447.39
2021-11-22,2966.7999999999997
2021-11-23,2713.4700000000003
2021-11-24,2458.83
2021-11-25,2518.9
2021-11-26,2966.06
2021-11-27,3117.16
2021-11-28,2056.58
2021-11-29,1458.26
2021-11-30,2136.61
2021-12-01,1823.86
2021-12-02,841.5500000000001
2021-12-03,674.2
2021-12-04,1816.01
2021-12-05,1957.8500000000001
2021-12-06,2139.21
2021-12-07,2518.78
2021-12-08,2359.29
2021-12-09,2311.45
2021-12-10,2775.3399999999997
2021-12-11,2293.19
2021-12-12,1518.08
2021-12-13,554.64
2021-12-14,1096.44
2021-12-15,2433.94
2021-12-16,4636.86
2021-12-17,1630.21
2021-12-18,3395.69
2021-12-19,4300.68
2021-12-20,2789.81
2021-12-21,2009.05
2021-12-22,1161.11
2021-12-23,2315.5
2021-12-24,1962.39
2021-12-25,2684.16
2021-12-26,2780.39
2021-12-27,1823.99
2021-12-28,2090.65
2021-12-29,1496.7
2021-12-30,3584.23
2021-12-31,1556.93
2022-01-01,1578.8200000000002
2022-01-02,1692.44
2022-01-03,679.25
2022-01-04,2324.77
2022-01-05,2367.2599999999998
2022-01-06,2719.92
2022-01-07,1774.9599999999998
2022-01-08,2878.5499999999997
2022-01-09,1966.24
2022-01-10,2143.33
2022-01-11,1365.61
2022-01-12,923.28
2022-01-13,2316.8
2022-01-14,1717.28
2022-01-15,4054.28
2022-01-16,2528.76
2022-01-17,1616.73
2022-01-18,2373.94
2022-01-19,2532.11
2022-01-20,1285.69
2022-01-21,2865.48
2022-01-22,1430.63
2022-01-23,1550.34
2022-01-24,2227.46
2022-01-25,2859.74
2022-01-26,2011.46
2022-01-27,3684.85
2022-01-28,1280.67
2022-01-29,1369.76
2022-01-30,2015.15
2022-01-31,871.4399999999999
2022-02-01,2151.5299999999997
2022-02-02,3902.0099999999998
2022-02-03,1501.79
2022-02-04,1551.59
2022-02-05,1958.43
2022-02-06,1334.6699999999998
2022-02-07,2691.67
2022-02-08,1584.97
2022-02-09,2346.44
2022-02-10,2096.65
2022-02-11,2366.59
2022-02-12,2213.23
2022-02-13,2391.0699999999997
2022-02-14,2324.39
2022-02-15,3186.65
2022-02-16,2112.72
2022-02-17,1911.8
2022-02-18,975.08
2022-02-19,2307.0
2022-02-20,1316.72
2022-02-21,1967.57
2022-02-22,1853.4399999999998
2022-02-23,2312.5
2022-02-24,1405.63
2022-02-25,923.15
2022-02-26,738.53
2022-02-27,1108.19
2022-02-28,1816.1399999999999
2022-03-01,1905.79
2022-03-02,2181.58
2022-03-03,1676.63
2022-03-04,2273.47
2022-03-05,2395.62
2022-03-06,1192.3
2022-03-07,1637.44
2022-03-08,1451.53
2022-03-09,2135.2200000000003
2022-03-10,2548.15
2022-03-11,824.0
2022-03-12,1149.32
2022-03-13,4144.71
2022-03-14,3250.64
2022-03-15,1819.75
2022-03-16,1117.69
2022-03-17,3271.22
2022-03-18,3049.87
2022-03-19,1909.12
2022-03-20,3350.56
2022-03-21,2160.88
2022-03-22,2139.56
2022-03-23,2492.38
2022-03-24,1972.63
2022-03-25,1526.0
2022-03-26,1500.1
2022-03-27,2005.11
2022-03-28,1906.77
2022-03-29,2259.45
2022-03-30,1349.6
2022-03-31,2067.81
2022-04-01,2392.6
2022-04-02,1008.3199999999999
2022-04-03,1513.57
2022-04-04,1414.47
2022-04-05,3686.52
2022-04-06,1168.45
2022-04-07,3817.27
2022-04-08,959.27
2022-04-09,1276.76
2022-04-10,1801.57
2022-04-11,2058.74
2022-04-12,4040.4
2022-04-13,1506.56
2022-04-14,1404.91
2022-04-15,1678.87
2022-04-16,1362.18
2022-04-17,2894.63
2022-04-18,1954.9299999999998
2022-04-19,2000.6200000000001
2022-04-20,1578.36
2022-04-21,1368.14
2022-04-22,1024.94
2022-04-23,2434.96
2022-04-24,1458.57
2022-04-25,1587.67
2022-04-26,2498.39
2022-04-27,919.67
2022-04-28,2824.51
2022-04-29,1296.28
2022-04-30,1601.1100000000001
2022-05-01,2088.6
2022-05-02,1726.5
2022-05-03,2436.3
2022-05-04,1987.26
2022-05-05,2021.03
2022-05-06,2384.51
2022-05-07,1858.65
2022-05-08,3183.13
2022-05-09,2540.95
2022-05-10,2733.64
2022-05-11,1692.84
2022-05-12,3098.54
2022-05-13,1000.42
2022-05-14,1016.6700000000001
2022-05-15,1787.76
2022-05-16,1169.07
2022-05-17,1407.25
2022-05-18,2206.31
2022-05-19,3191.53
2022-05-20,1605.72
2022-05-21,1155.28
2022-05-22,1179.3
2022-05-23,3513.84
2022-05-24,2740.66
2022-05-25,4793.94
2022-05-26,3304.63
2022-05-27,1543.9
2022-05-28,1885.6100000000001
2022-05-29,2323.05
2022-05-30,2672.94
2022-05-31,1547.1200000000001
2022-06-01,2384.02
2022-06-02,1887.43
2022-06-03,1575.38
2022-06-04,2255.5099999999998
2022-06-05,3096.01
2022-06-06,2223.6
2022-06-07,1650.08
2022-06-08,2023.03
2022-06-09,1735.48
2022-06-10,1654.23
2022-06-11,2022.6299999999999
2022-06-12,2868.31
2022-06-13,863.49
2022-06-14,1898.85
2022-06-15,2346.79
2022-06-16,1847.3
2022-06-17,2348.39
2022-06-18,1200.47
2022-06-19,1759.85
2022-06-20,809.13
2022-06-21,2789.2
2022-06-22,1353.59
2022-06-23,2635.7799999999997
2022-06-24,2237.31
2022-06-25,614.22
2022-06-26,2082.41
2022-06-27,1771.88
2022-06-28,2154.38
2022-06-29,2600.23
2022-06-30,1893.1100000000001
2022-07-01,1660.59
2022-07-02,1598.34
2022-07-03,1136.72
2022-07-04,2789.88
2022-07-05,900.26
2022-07-06,2850.33
2022-07-07,2221.36
2022-07-08,3935.62
2022-07-09,2883.36
2022-07-10,1646.25
2022-07-11,2976.77
2022-07-12,1663.1899999999998
2022-07-13,3035.24
2022-07-14,2594.3199999999997
2022-07-15,1653.3200000000002
2022-07-16,1164.6399999999999
2022-07-17,2514.16
2022-07-18,2773.8199999999997
2022-07-19,1815.84
2022-07-20,3731.63
2022-07-21,2400.4700000000003
2022-07-22,2872.18
2022-07-23,1819.28
2022-07-24,1540.62
2022-07-25,1611.49
2022-07-26,4101.92
2022-07-27,2221.02
2022-07-28,1516.01
2022-07-29,2019.51
2022-07-30,2362.86
2022-07-31,2180.5499999999997
2022-08-01,1959.71
2022-08-02,1243.44
2022-08-03,3017.0
2022-08-04,1099.35
2022-08-05,1287.9
2022-08-06,2198.66
2022-08-07,1000.48
2022-08-08,3144.75
2022-08-09,2492.08
2022-08-10,3202.89
2022-08-11,3887.71
2022-08-12,1188.48
2022-08-13,2354.55
2022-08-14,1941.99
2022-08-15,3315.15
2022-08-16,2424.07
2022-08-17,1629.42
2022-08-18,4675.15
2022-08-19,2519.58
2022-08-20,2304.22
2022-08-21,1310.83
2022-08-22,1986.94
2022-08-23,2382.46
2022-08-24,2192.12
2022-08-25,2000.37
2022-08-26,1408.74
2022-08-27,1887.65
2022-08-28,3494.22
2022-08-29,3663.28
2022-08-30,2572.13
2022-08-31,1466.29
2022-09-01,3106.7200000000003
2022-09-02,2600.08
2022-09-03,3292.37
2022-09-04,3388.7400000000002
2022-09-05,1663.1100000000001
2022-09-06,1564.32
2022-09-07,1464.62
2022-09-08,1485.49
2022-09-09,3112.08
2022-09-10,439.38
2022-09-11,1520.05
2022-09-12,1548.07
2022-09-13,2520.49
2022-09-14,2443.66
2022-09-15,2065.87
2022-09-16,816.3
2022-09-17,2016.31
2022-09-18,2215.89
2022-09-19,1405.13
2022-09-20,1145.35
2022-09-21,3116.56
2022-09-22,2382.76
2022-09-23,2124.85
2022-09-24,2854.17
2022-09-25,2963.6
2022-09-26,2512.86
2022-09-27,744.17
2022-09-28,1763.12
2022-09-29,3002.97
2022-09-30,871.86
2022-10-01,2570.92
2022-10-02,1621.03
2022-10-03,2087.98
2022-10-04,2220.74
2022-10-05,1645.99
2022-10-06,1638.3400000000001
2022-10-07,2709.72
2022-10-08,1724.5
2022-10-09,728.62
2022-10-10,3419.98
2022-10-11,2254.25
2022-10-12,2235.73
2022-10-13,3817.77
2022-10-14,1131.42
2022-10-15,1438.06
2022-10-16,2047.55
2022-10-17,1872.05
2022-10-18,2008.62
2022-10-19,1759.6
2022-10-20,1981.6299999999999
2022-10-21,814.9
2022-10-22,1873.32
2022-10-23,2444.28
2022-10-24,1896.91
2022-10-25,2263.97
2022-10-26,1880.4
2022-10-27,1999.42
2022-10-28,1289.57
2022-10-29,1619.0
2022-10-30,4202.01
2022-10-31,2299.96
2022-11-01,2850.96
2022-11-02,1855.15
2022-11-03,1344.04
2022-11-04,1706.82
2022-11-05,2485.39
2022-11-06,2751.79
2022-11-07,2372.91
2022-11-08,1422.78
2022-11-09,613.39
2022-11-10,1839.15
2022-11-11,1654.28
2022-11-12,2522.39
2022-11-13,2479.4900000000002
2022-11-14,737.7900000000001
2022-11-15,3674.0099999999998
2022-11-16,3166.8199999999997
2022-11-17,2171.17
2022-11-18,2387.2799999999997
2022-11-19,1733.85
2022-11-20,2901.7200000000003
2022-11-21,1312.71
2022-11-22,2937.86
2022-11-23,931.74
2022-11-24,2484.45
2022-11-25,2430.0899999999997
2022-11-26,2567.11
2022-11-27,991.18
2022-11-28,2838.16
2022-11-29,2449.12
2022-11-30,2790.5499999999997
2022-12-01,2319.01
2022-12-02,2473.91
2022-12-03,1848.02
2022-12-04,2364.82
2022-12-05,3738.36
2022-12-06,2161.55
2022-12-07,1262.76
2022-12-08,1081.47
2022-12-09,2218.53
2022-12-10,2610.16
2022-12-11,2926.17
2022-12-12,3862.17
2022-12-13,2138.02
2022-12-14,1151.13
2022-12-15,1599.66
2022-12-16,1043.26
2022-12-17,2082.69
2022-12-18,1352.28
2022-12-19,1981.17
2022-12-20,1278.48
2022-12-21,1132.97
2022-12-22,2111.57
2022-12-23,1922.69
2022-12-24,2384.87
2022-12-25,3174.88
2022-12-26,1485.91
2022-12-27,998.45
2022-12-28,2993.97
2022-12-29,1557.22
2022-12-30,2229.46
2022-12-31,1809.73
2023-01-01,2121.92
2023-01-02,926.13
2023-01-03,2539.35
2023-01-04,2326.4700000000003
2023-01-05,1592.51
2023-01-06,4057.69
2023-01-07,1996.8899999999999
2023-01-08,1956.3899999999999
2023-01-09,2724.63
2023-01-10,2268.2599999999998
2023-01-11,2806.39
2023-01-12,3671.85
2023-01-13,1210.6200000000001
2023-01-14,1733.64
2023-01-15,3196.33
2023-01-16,3116.02
2023-01-17,2628.42
2023-01-18,1813.39
2023-01-19,2665.09
2023-01-20,1804.56
2023-01-21,2101.03
2023-01-22,3081.5
2023-01-23,2451.27
2023-01-24,2364.65
2023-01-25,2900.87
2023-01-26,1919.3
2023-01-27,2583.44
2023-01-28,3019.23
2023-01-29,1765.87
2023-01-30,726.8
2023-01-31,2824.77
2023-02-01,2226.85
2023-02-02,1042.92
2023-02-03,1323.29
2023-02-04,3973.35
2023-02-05,2248.57
2023-02-06,1060.7
2023-02-07,1575.09
2023-02-08,2148.46
2023-02-09,2942.41
2023-02-10,2448.3
2023-02-11,1957.2
2023-02-12,1337.57
2023-02-13,1159.43
2023-02-14,2268.2200000000003
2023-02-15,733.48
2023-02-16,1548.7
2023-02-17,2569.25
2023-02-18,2021.4199999999998
2023-02-19,2469.31
2023-02-20,2358.93
2023-02-21,1806.95
2023-02-22,2168.32
2023-02-23,2438.69
2023-02-24,1895.0900000000001
2023-02-25,1516.97
2023-02-26,1524.47
2023-02-27,587.97
2023-02-28,1187.41
2023-03-01,1993.03
2023-03-02,1818.1299999999999
2023-03-03,3218.44
2023-03-04,1263.84
2023-03-05,2759.14
2023-03-06,2790.04
2023-03-07,910.54
2023-03-08,1479.96
2023-03-09,2854.36
2023-03-10,3386.52
2023-03-11,2747.5
2023-03-12,1889.77
2023-03-13,2428.49
2023-03-14,1791.52
2023-03-15,3203.87
2023-03-16,2707.7799999999997
2023-03-17,1385.52
2023-03-18,510.01
2023-03-19,1784.28
2023-03-20,2183.36
2023-03-21,2212.77
2023-03-22,1990.33
2023-03-23,1261.48
2023-03-24,1213.78
2023-03-25,2338.32
2023-03-26,3482.12
2023-03-27,2421.44
2023-03-28,1166.56
2023-03-29,1942.8700000000001
2023-03-30,2701.71
2023-03-31,1477.68
2023-04-01,3206.19
2023-04-02,968.6999999999999
2023-04-03,1362.12
2023-04-04,1832.42
2023-04-05,2596.61
2023-04-06,1632.49
2023-04-07,2997.0699999999997
2023-04-08,1661.57
2023-04-09,2216.43
2023-04-10,2753.11
2023-04-11,1995.3
2023-04-12,1974.04
2023-04-13,1804.72
2023-04-14,1972.71
2023-04-15,933.02
2023-04-16,1728.87
2023-04-17,2470.76
2023-04-18,1506.44
2023-04-19,2090.39
2023-04-20,1945.94
2023-04-21,2314.56
2023-04-22,2170.71
2023-04-23,1402.52
2023-04-24,966.26
2023-04-25,1246.68
2023-04-26,2195.55
2023-04-27,1450.92
2023-04-28,2635.7599999999998
2023-04-29,3506.54
2023-04-30,2917.53
2023-05-01,1928.45
2023-05-02,425.01
2023-05-03,2733.83
2023-05-04,2999.7
2023-05-05,1277.1000000000001
2023-05-06,2748.68
2023-05-07,2360.51
2023-05-08,1533.49
2023-05-09,953.03
2023-05-10,3212.61
2023-05-11,1543.79
2023-05-12,1781.1200000000001
2023-05-13,1407.79
2023-05-14,1902.34
2023-05-15,3383.2
2023-05-16,1533.6599999999999
2023-05-17,2830.2599999999998
2023-05-18,2525.23
2023-05-19,1791.43
2023-05-20,1033.73
2023-05-21,2152.14
2023-05-22,1823.11
2023-05-23,2538.84
2023-05-24,2985.84
2023-05-25,2602.59
2023-05-26,1213.27
2023-05-27,808.16
2023-05-28,2867.43
2023-05-29,1767.22
2023-05-30,2997.15
2023-05-31,2098.69
2023-06-01,2308.2
2023-06-02,1602.5900000000001
2023-06-03,2218.38
2023-06-04,3079.63
2023-06-05,2159.92
2023-06-06,3655.3
2023-06-07,1798.58
2023-06-08,2620.7
2023-06-09,2679.81
2023-06-10,2343.41
2023-06-11,1808.1799999999998
2023-06-12,2465.79
2023-06-13,1125.31
2023-06-14,1633.06
2023-06-15,1900.13
2023-06-16,2411.01
2023-06-17,2573.83
2023-06-18,1282.4
2023-06-19,1393.17
2023-06-20,2364.82
2023-06-21,1628.66
2023-06-22,2382.94
2023-06-23,3144.93
2023-06-24,3580.95
2023-06-25,2806.31
2023-06-26,2625.31
2023-06-27,2743.88
2023-06-28,2115.42
2023-06-29,2383.3
2023-06-30,1305.58
2023-07-01,1943.77
2023-07-02,2244.85
2023-07-03,2221.35
2023-07-04,2275.95
2023-07-05,1613.03
2023-07-06,1918.19
2023-07-07,3268.07
2023-07-08,1883.62
2023-07-09,2378.06
2023-07-10,2231.71
2023-07-11,436.71000000000004
2023-07-12,1102.85
2023-07-13,2411.79
2023-07-14,1145.33
2023-07-15,4473.25
2023-07-16,3386.9700000000003
2023-07-17,2685.9
2023-07-18,3762.77
2023-07-19,1712.6499999999999
2023-07-20,3122.12
2023-07-21,2454.62
2023-07-22,893.06
2023-07-23,1049.13
2023-07-24,2380.75
2023-07-25,4331.69
2023-07-26,1478.83
2023-07-27,5078.41
2023-07-28,1373.53
2023-07-29,2269.28
2023-07-30,2062.52
2023-07-31,1409.74
2023-08-01,785.46
2023-08-02,1967.79
2023-08-03,2188.39
2023-08-04,3274.87
2023-08-05,1769.96
2023-08-06,1080.38
2023-08-07,2623.08
2023-08-08,1394.3600000000001
2023-08-09,817.23
2023-08-10,1984.52
2023-08-11,2257.86
2023-08-12,2561.71
2023-08-13,3875.7
2023-08-14,1683.43
2023-08-15,1275.25
2023-08-16,1946.9699999999998
2023-08-17,2157.33
2023-08-18,2211.3
2023-08-19,1234.26
2023-08-20,2428.2
2023-08-21,1834.17
2023-08-22,1626.69
2023-08-23,2430.73
2023-08-24,2018.86
2023-08-25,3637.7599999999998
2023-08-26,2055.4700000000003
2023-08-27,1846.24
2023-08-28,2731.2799999999997
2023-08-29,2020.7
2023-08-30,2181.1
2023-08-31,2173.81
2023-09-01,1462.2
2023-09-02,2146.37
2023-09-03,1193.67
2023-09-04,1060.28
2023-09-05,2004.42
2023-09-06,2081.01
2023-09-07,893.84
2023-09-08,1064.42
2023-09-09,2619.94
2023-09-10,1244.13
2023-09-11,2631.78
2023-09-12,2070.97
2023-09-13,1534.53
2023-09-14,2778.0899999999997
2023-09-15,1334.06
2023-09-16,2219.96
2023-09-17,1125.45
2023-09-18,2876.02
2023-09-19,2353.99
2023-09-20,2359.94
2023-09-21,3021.6
2023-09-22,3005.88
2023-09-23,2049.2200000000003
2023-09-24,1572.07
2023-09-25,1369.47
2023-09-26,1184.33
2023-09-27,2019.98
2023-09-28,3711.83
2023-09-29,2257.5
2023-09-30,2306.75
2023-10-01,2072.49
2023-10-02,2284.81
2023-10-03,2872.36
2023-10-04,1758.2
2023-10-05,1664.07
2023-10-06,2267.95
2023-10-07,2418.0499999999997
2023-10-08,4132.42
2023-10-09,2756.5
2023-10-10,1860.52
2023-10-11,2287.61
2023-10-12,4335.77
2023-10-13,2521.67
2023-10-14,1525.67
2023-10-15,1110.19
2023-10-16,3205.02
2023-10-17,2034.4299999999998
2023-10-18,1383.89
2023-10-19,2650.55
2023-10-20,2091.77
2023-10-21,1483.71
2023-10-22,727.44
2023-10-23,1869.31
2023-10-24,2367.17
2023-10-25,1354.31
2023-10-26,3090.59
2023-10-27,943.15
2023-10-28,3017.26
2023-10-29,2752.56
2023-10-30,2552.65
2023-10-31,1623.6
2023-11-01,3299.89
2023-11-02,2721.81
2023-11-03,2575.8
2023-11-04,2410.15
2023-11-05,2984.84
2023-11-06,1697.62
2023-11-07,993.97
2023-11-08,2431.76
2023-11-09,2912.2200000000003
2023-11-10,1753.89
2023-11-11,2758.17
2023-11-12,1770.51
2023-11-13,3732.02
2023-11-14,1295.73
2023-11-15,1683.8
2023-11-16,1568.72
2023-11-17,1214.2
2023-11-18,1006.4399999999999
2023-11-19,2093.64
2023-11-20,2223.05
2023-11-21,1470.76
2023-11-22,1463.98
2023-11-23,1221.96
2023-11-24,2588.32
2023-11-25,1604.8
2023-11-26,2759.31
2023-11-27,1086.26
2023-11-28,2218.35
2023-11-29,1338.02
2023-11-30,1709.45
2023-12-01,1811.92
2023-12-02,985.8199999999999
2023-12-03,2575.33
2023-12-04,2481.87
2023-12-05,3775.43
2023-12-06,1984.02
2023-12-07,1569.79
2023-12-08,1821.8300000000002
2023-12-09,1972.78
2023-12-10,2251.55
2023-12-11,1725.28
2023-12-12,2150.83
2023-12-13,1658.31
2023-12-14,1448.41
2023-12-15,1259.81
2023-12-16,2347.36
2023-12-17,2870.81
2023-12-18,2669.08
2023-12-19,2345.57
2023-12-20,1642.03
2023-12-21,2378.63
2023-12-22,3009.75
2023-12-23,2860.4700000000003
2023-12-24,3920.73
2023-12-25,3652.7999999999997
2023-12-26,1568.45
2023-12-27,3113.44
2023-12-28,2064.05
2023-12-29,2498.31
2023-12-30,3556.9100000000003
2023-12-31,2418.0
2024-01-01,705.3499999999999
2024-01-02,1499.29
2024-01-03,3424.15
2024-01-04,2253.38
2024-01-05,2437.14
2024-01-06,2390.01
2024-01-07,3003.7799999999997
2024-01-08,2237.44
2024-01-09,1805.87
2024-01-10,1690.96
2024-01-11,1755.18
2024-01-12,2205.1
2024-01-13,1247.71
2024-01-14,1379.6399999999999
2024-01-15,3470.82
2024-01-16,2058.36
2024-01-17,3386.15
2024-01-18,1273.79
2024-01-19,1472.56
2024-01-20,2075.25
2024-01-21,1747.6
2024-01-22,912.17
2024-01-23,1385.4
2024-01-24,1786.54
2024-01-25,1921.4
2024-01-26,1512.83
2024-01-27,1521.41
2024-01-28,2910.09
2024-01-29,2527.27
2024-01-30,3191.75
2024-01-31,2263.9
2024-02-01,1939.5500000000002
2024-02-02,1137.97
2024-02-03,2212.35
2024-02-04,2630.57
2024-02-05,1144.86
2024-02-06,1339.5
2024-02-07,1157.19
2024-02-08,1638.8
2024-02-09,1191.92
2024-02-10,1392.75
2024-02-11,3452.15
2024-02-12,1737.27
2024-02-13,2018.75
2024-02-14,2371.49
2024-02-15,2963.19
2024-02-16,1768.35
2024-02-17,2873.71
2024-02-18,1557.68
2024-02-19,2169.4300000000003
2024-02-20,2976.83
2024-02-21,1665.27
2024-02-22,1618.6
2024-02-23,2461.95
2024-02-24,1207.67
2024-02-25,3929.0699999999997
2024-02-26,1846.1399999999999
2024-02-27,1869.98
2024-02-28,2131.81
2024-02-29,3473.5299999999997
2024-03-01,1565.51
2024-03-02,1100.8899999999999
2024-03-03,4426.87
2024-03-04,1930.3
2024-03-05,2484.09
2024-03-06,1682.76
2024-03-07,2804.6600000000003
2024-03-08,2410.79
2024-03-09,1677.91
2024-03-10,1827.01
2024-03-11,1569.78
2024-03-12,1849.12
2024-03-13,1111.3700000000001
2024-03-14,1426.92
2024-03-15,2272.42
2024-03-16,3225.18
2024-03-17,2035.06
2024-03-18,2723.06
2024-03-19,1177.93
2024-03-20,1977.9
2024-03-21,1490.91
2024-03-22,3644.55
2024-03-23,1242.56
2024-03-24,2846.1
2024-03-25,1153.21
2024-03-26,937.24
2024-03-27,3400.59
2024-03-28,1261.75
2024-03-29,1365.95
2024-03-30,1188.21
2024-03-31,1136.08
2024-04-01,1620.29
2024-04-02,3000.29
2024-04-03,3271.2200000000003
2024-04-04,2286.11
2024-04-05,911.1899999999999
2024-04-06,1639.58
2024-04-07,2217.2200000000003
2024-04-08,1665.8899999999999
2024-04-09,1150.82
2024-04-10,340.35
2024-04-11,1887.6799999999998
2024-04-12,1880.21
2024-04-13,2925.56
2024-04-14,1928.3000000000002
2024-04-15,2404.33
2024-04-16,2063.88
2024-04-17,1701.62
2024-04-18,1288.01
2024-04-19,1791.44
2024-04-20,1600.3899999999999
2024-04-21,1402.0900000000001
2024-04-22,1069.28
2024-04-23,1368.8500000000001
2024-04-24,1084.5
2024-04-25,1895.55
2024-04-26,1210.9
2024-04-27,1804.28
2024-04-28,3350.4300000000003
2024-04-29,1252.67
2024-04-30,2591.41
2024-05-01,2771.73
2024-05-02,2437.3
2024-05-03,1419.78
2024-05-04,1304.04
2024-05-05,1730.54
2024-05-06,3374.5299999999997
2024-05-07,957.42
2024-05-08,2286.95
2024-05-09,1510.3799999999999
2024-05-10,1747.77
2024-05-11,1485.77
2024-05-12,1370.51
2024-05-13,2002.03
2024-05-14,1302.17
2024-05-15,1210.75
2024-05-16,1220.1399999999999
2024-05-17,2505.99
2024-05-18,1944.74
2024-05-19,2061.38
2024-05-20,1966.68
2024-05-21,1745.89
2024-05-22,1913.17
2024-05-23,2657.14
2024-05-24,1643.25
2024-05-25,3171.7799999999997
2024-05-26,1570.78
2024-05-27,1756.49
2024-05-28,2377.9900000000002
2024-05-29,2576.42
2024-05-30,1756.26
2024-05-31,2824.47
2024-06-01,1608.3300000000002
2024-06-02,1687.27
2024-06-03,2041.8
2024-06-04,1936.86
2024-06-05,2623.0899999999997
2024-06-06,1555.09
2024-06-07,2415.62
2024-06-08,1443.15
2024-06-09,2829.5
2024-06-10,920.62
2024-06-11,2544.86
2024-06-12,698.05
2024-06-13,1843.47
2024-06-14,2221.59
2024-06-15,1768.6499999999999
2024-06-16,2924.69
2024-06-17,1296.8600000000001
2024-06-18,2087.11
2024-06-19,2868.3
2024-06-20,1344.73
2024-06-21,3004.41
2024-06-22,918.22
2024-06-23,1006.67
2024-06-24,2623.8
2024-06-25,689.0799999999999
2024-06-26,2548.68
2024-06-27,2010.3
2024-06-28,3269.73
2024-06-29,1416.14
2024-06-30,1593.71
2024-07-01,2289.3
2024-07-02,2234.36
2024-07-03,2454.15
2024-07-04,1807.36
2024-07-05,1511.35
2024-07-06,1920.09
2024-07-07,2791.5099999999998
2024-07-08,1464.54
2024-07-09,1564.87
2024-07-10,1931.24
2024-07-11,3909.79
2024-07-12,2883.62
2024-07-13,1493.55
2024-07-14,2290.68
2024-07-15,3064.61
2024-07-16,2326.45
2024-07-17,1750.01
2024-07-18,2375.81
2024-07-19,844.99
2024-07-20,2268.0
2024-07-21,3089.0
2024-07-22,1131.6599999999999
2024-07-23,2898.72
2024-07-24,3452.96
2024-07-25,2399.45
2024-07-26,1422.89
2024-07-27,1458.69
2024-07-28,1011.27
2024-07-29,2486.99
2024-07-30,2314.05
2024-07-31,1041.28
2024-08-01,5031.12
2024-08-02,1538.84
2024-08-03,1838.63
2024-08-04,3097.41
2024-08-05,3295.27
2024-08-06,2488.74
2024-08-07,2670.78
2024-08-08,2011.49
2024-08-09,2311.64
2024-08-10,1518.95
2024-08-11,2511.98
2024-08-12,1627.95
2024-08-13,1943.56
2024-08-14,2576.69
2024-08-15,1235.22
2024-08-16,1908.83
2024-08-17,1365.63
2024-08-18,1602.91
2024-08-19,2341.04
2024-08-20,1420.47
2024-08-21,3071.72
2024-08-22,2561.59
2024-08-23,2399.74
2024-08-24,2015.59
2024-08-25,575.99
2024-08-26,1871.24
2024-08-27,2281.7
2024-08-28,2341.62
2024-08-29,2630.21
2024-08-30,2636.29
2024-08-31,3859.98
2024-09-01,3062.96
2024-09-02,1289.84
2024-09-03,802.59
2024-09-04,2222.32
2024-09-05,362.9
2024-09-06,3160.0899999999997
2024-09-07,2126.75
2024-09-08,1912.46
2024-09-09,968.1899999999999
2024-09-10,2459.94
2024-09-11,2283.22
2024-09-12,2944.98
2024-09-13,2162.7799999999997
2024-09-14,2151.32
2024-09-15,1811.47
2024-09-16,3275.6800000000003
2024-09-17,1946.68
2024-09-18,2227.11
2024-09-19,3005.55
2024-09-20,1792.23
2024-09-21,1507.69
2024-09-22,1237.37
2024-09-23,2082.88
2024-09-24,2894.6
2024-09-25,996.83
2024-09-26,2793.43
2024-09-27,2444.38
2024-09-28,1025.49
2024-09-29,1544.46
2024-09-30,2346.91
2024-10-01,4079.45
2024-10-02,1464.25
2024-10-03,1903.94
2024-10-04,1208.45
2024-10-05,3145.32
2024-10-06,1872.53
2024-10-07,2232.23
2024-10-08,3703.9
2024-10-09,2871.31
2024-10-10,1573.64
2024-10-11,2207.47
2024-10-12,3101.92
2024-10-13,2871.7400000000002
2024-10-14,3688.09
2024-10-15,3133.23
2024-10-16,2465.2
2024-10-17,3265.96
2024-10-18,2275.34
2024-10-19,1407.33
2024-10-20,1396.85
2024-10-21,2017.69
2024-10-22,1738.47
2024-10-23,665.41
2024-10-24,2017.52
2024-10-25,1695.3500000000001
2024-10-26,1172.05
2024-10-27,544.4499999999999
2024-10-28,3176.71
2024-10-29,909.68
2024-10-30,2551.88
2024-10-31,2658.91
2024-11-01,3253.39
2024-11-02,2229.37
2024-11-03,2140.0499999999997
2024-11-04,1006.7
2024-11-05,2537.98
2024-11-06,2051.28
2024-11-07,2417.06
2024-11-08,3118.1600000000003
2024-11-09,910.74
2024-11-10,2002.8
2024-11-11,1532.38
2024-11-12,2142.31
2024-11-13,1894.3600000000001
2024-11-14,1865.8600000000001
2024-11-15,2554.28
2024-11-16,1196.83
2024-11-17,1875.0
2024-11-18,3465.66
2024-11-19,3144.41
2024-11-20,1859.7800000000002
2024-11-21,1265.54
2024-11-22,2317.52
2024-11-23,1243.09
2024-11-24,2636.59
2024-11-25,2084.5
2024-11-26,2024.72
2024-11-27,1485.71
2024-11-28,2546.28
2024-11-29,1989.65
2024-11-30,2899.81
2024-12-01,2905.92
2024-12-02,2652.08
2024-12-03,2758.0
2024-12-04,2193.57
2024-12-05,2904.7
2024-12-06,1525.35
2024-12-07,2638.86
2024-12-08,2490.35
2024-12-09,1708.98
2024-12-10,1716.36
2024-12-11,1952.78
2024-12-12,2557.76
2024-12-13,2367.5499999999997
2024-12-14,1032.74
2024-12-15,2626.55
2024-12-16,1409.3999999999999
2024-12-17,1915.03
2024-12-18,1721.68
2024-12-19,1428.46
2024-12-20,1996.78
2024-12-21,2728.46
2024-12-22,3206.32
2024-12-23,2986.47
2024-12-24,3282.7
2024-12-25,2470.69
2024-12-26,1737.32
2024-12-27,2281.33
2024-12-28,1657.45
2024-12-29,1733.26
2024-12-30,2476.6
2024-12-31,1973.45
2025-01-01,1798.25
2025-01-02,1524.16
2025-01-03,3177.78
2025-01-04,2310.79
2025-01-05,2397.7
2025-01-06,1818.51
2025-01-07,1799.42
2025-01-08,3326.17
2025-01-09,3315.06
2025-01-10,5392.64
2025-01-11,2475.07
2025-01-12,1405.82
2025-01-13,1640.45
2025-01-14,2725.76
2025-01-15,4434.33
2025-01-16,1729.53
2025-01-17,2834.12
2025-01-18,2907.21
2025-01-19,1912.88
2025-01-20,2195.82
2025-01-21,2075.32
2025-01-22,1154.16
2025-01-23,2950.7400000000002
2025-01-24,2372.5
2025-01-25,1045.6200000000001
2025-01-26,2318.54
2025-01-27,2109.17
2025-01-28,1558.69
2025-01-29,1652.21
2025-01-30,3513.75
2025-01-31,1849.11
2025-02-01,1993.4099999999999
2025-02-02,1234.56
2025-02-03,1856.77
2025-02-04,630.4300000000001
2025-02-05,2416.75
2025-02-06,3256.9
2025-02-07,1058.53
2025-02-08,3312.17
2025-02-09,1120.49
2025-02-10,1522.34
2025-02-11,2090.62
2025-02-12,1919.96
2025-02-13,2469.61
2025-02-14,2005.98
2025-02-15,2204.3
2025-02-16,2452.86
2025-02-17,1571.55
2025-02-18,2691.18
2025-02-19,2835.78
2025-02-20,3593.75
2025-02-21,1845.03
2025-02-22,5449.46
2025-02-23,1676.29
2025-02-24,1719.3799999999999
2025-02-25,1483.08
2025-02-26,1892.01
2025-02-27,2047.56
2025-02-28,2664.54
2025-03-01,2244.17
2025-03-02,3185.26
2025-03-03,1413.62
2025-03-04,2881.59
2025-03-05,1864.85
2025-03-06,2404.78
2025-03-07,2019.09
2025-03-08,1440.18
2025-03-09,2161.66
2025-03-10,2563.77
2025-03-11,1637.35
2025-03-12,1282.23
2025-03-13,2146.21
2025-03-14,3043.85
2025-03-15,1755.58
2025-03-16,2946.91
2025-03-17,2070.59
2025-03-18,2055.58
2025-03-19,2526.89
2025-03-20,2629.9900000000002
2025-03-21,1399.43
2025-03-22,2302.53
2025-03-23,2221.17
2025-03-24,2014.1
2025-03-25,2176.39
2025-03-26,2704.67
2025-03-27,2653.57
2025-03-28,1531.34
2025-03-29,3708.78
2025-03-30,3062.8
2025-03-31,4138.07
2025-04-01,1278.49
2025-04-02,2046.58
2025-04-03,1475.74
2025-04-04,2450.41
2025-04-05,812.9
2025-04-06,1820.32
2025-04-07,2120.16
2025-04-08,2613.26
2025-04-09,1139.3899999999999
2025-04-10,887.47
2025-04-11,2185.67
2025-04-12,2124.94
2025-04-13,1220.41
2025-04-14,1367.24
2025-04-15,1898.0800000000002
2025-04-16,4516.95
2025-04-17,2978.03
2025-04-18,3762.94
2025-04-19,2332.96
2025-04-20,1160.62
2025-04-21,1998.92
2025-04-22,1887.34
2025-04-23,1910.38
2025-04-24,1509.97
2025-04-25,1583.88
2025-04-26,3661.13
2025-04-27,2736.69
2025-04-28,1872.1399999999999
2025-04-29,618.5
2025-04-30,2648.54
2025-05-01,819.98
2025-05-02,3508.18
2025-05-03,961.38
2025-05-04,1579.26
2025-05-05,677.82
2025-05-06,2305.78
2025-05-07,1686.6
2025-05-08,3790.71
2025-05-09,2982.29
2025-05-10,2126.75
2025-05-11,3063.04
2025-05-12,2332.81
2025-05-13,3045.69
2025-05-14,2590.97
2025-05-15,2365.51
2025-05-16,1140.2
2025-05-17,2487.6099999999997
2025-05-18,1934.59
2025-05-19,1744.51
2025-05-20,2495.85
2025-05-21,2234.75
2025-05-22,1126.05
2025-05-23,1200.81
2025-05-24,2808.53
2025-05-25,2447.4
2025-05-26,3020.9900000000002
2025-05-27,2151.98
2025-05-28,1253.67
2025-05-29,2328.9900000000002
2025-05-30,1937.16
2025-05-31,2271.05
2025-06-01,1376.03
2025-06-02,860.34
2025-06-03,1678.38
2025-06-04,3067.7799999999997
2025-06-05,2690.4
2025-06-06,2650.02
2025-06-07,2080.48
2025-06-08,2538.65
2025-06-09,2467.85
2025-06-10,2613.77
2025-06-11,2514.67
2025-06-12,2407.32
2025-06-13,1325.4199999999998
2025-06-14,3567.9700000000003
2025-06-15,1510.41
2025-06-16,2480.46
2025-06-17,1873.74
2025-06-18,1515.36
2025-06-19,3203.56
2025-06-20,2023.13
2025-06-21,1836.26
2025-06-22,2855.99
2025-06-23,1564.65
2025-06-24,1134.78
2025-06-25,2256.0099999999998
2025-06-26,1445.1
2025-06-27,1532.62
2025-06-28,2917.16
2025-06-29,1605.96
2025-06-30,1358.89
2025-07-01,1853.29
2025-07-02,1047.29
2025-07-03,1871.37
2025-07-04,1077.76
2025-07-05,1387.51
2025-07-06,3422.07
2025-07-07,735.4
2025-07-08,1541.68
2025-07-09,2365.61
2025-07-10,2175.21
2025-07-11,1690.79
2025-07-12,2266.87
2025-07-13,2497.09
2025-07-14,2127.9
2025-07-15,988.6700000000001
2025-07-16,928.66
2025-07-17,1804.2
2025-07-18,2214.67
2025-07-19,1429.31
2025-07-20,1464.88
2025-07-21,2712.56
2025-07-22,1558.55
2025-07-23,1974.26
2025-07-24,1082.47
2025-07-25,2258.1
2025-07-26,2371.56
2025-07-27,733.39
2025-07-28,1534.96
2025-07-29,2242.86
2025-07-30,2727.2
2025-07-31,2097.77
2025-08-01,1974.02
2025-08-02,3232.14
2025-08-03,1506.3500000000001
2025-08-04,1439.05
2025-08-05,3782.66
2025-08-06,1834.43
2025-08-07,1604.17
2025-08-08,1175.1799999999998
2025-08-09,2364.16
2025-08-10,3297.99
2025-08-11,2252.55
2025-08-12,1415.7
2025-08-13,2393.11
2025-08-14,2180.4
2025-08-15,3292.3199999999997
2025-08-16,1201.2
2025-08-17,3419.7400000000002
2025-08-18,3470.07
2025-08-19,1978.32
2025-08-20,2048.94
2025-08-21,1247.71
2025-08-22,2321.47
2025-08-23,2479.91
2025-08-24,2228.2400000000002
2025-08-25,2131.76
2025-08-26,1252.52
2025-08-27,3056.2
2025-08-28,2478.27
2025-08-29,1708.78
2025-08-30,4245.6
2025-08-31,2080.05
2025-09-01,2268.57
2025-09-02,2850.09
2025-09-03,1748.86
2025-09-04,2361.0
2025-09-05,2280.4
2025-09-06,2159.11
2025-09-07,2142.14
2025-09-08,645.64
2025-09-09,2719.7799999999997
2025-09-10,2056.0
2025-09-11,3530.2
2025-09-12,2187.86
2025-09-13,1655.43
2025-09-14,1782.98
2025-09-15,2438.83
2025-09-16,3261.6
2025-09-17,1850.73
2025-09-18,2848.1
2025-09-19,3831.67
2025-09-20,1917.67
2025-09-21,2403.7599999999998
2025-09-22,1569.89
2025-09-23,2687.25
2025-09-24,2802.8
2025-09-25,2158.67
2025-09-26,3325.3
2025-09-27,604.16
2025-09-28,3183.58
2025-09-29,2711.52
2025-09-30,1402.74
2025-10-01,3472.73
2025-10-02,1900.26
2025-10-03,868.61
2025-10-04,2277.71
2025-10-05,3144.25
2025-10-06,2461.2
2025-10-07,2399.9700000000003
2025-10-08,1868.25
2025-10-09,2300.72
2025-10-10,2005.65
2025-10-11,1969.39
2025-10-12,2637.42
2025-10-13,1275.3400000000001
2025-10-14,1677.68
2025-10-15,2154.57
2025-10-16,1388.99
2025-10-17,2734.34
2025-10-18,2328.02
2025-10-19,1537.93
2025-10-20,1844.02
2025-10-21,3083.5
2025-10-22,1906.14
2025-10-23,3088.11
2025-10-24,1764.84
2025-10-25,2422.35
2025-10-26,2309.82
2025-10-27,1582.32
2025-10-28,2462.5899999999997
2025-10-29,3174.19
2025-10-30,2928.4
2025-10-31,1765.02
